"added_cover_pct","term","estimate","std.error","p.value"
15,"Substrate_index_alt",0.736849463980857,0.430339364659564,0.0868502270652621
15,"siteStone_pile:monitoring_int",0.186194002023759,0.116180360964384,0.109016613261298
25,"Substrate_index_alt",0.821765995432114,0.416009673922545,0.0482280921728795
25,"siteStone_pile:monitoring_int",0.159322752927757,0.117830696188688,0.176332826011512
35,"Substrate_index_alt",0.844112432010759,0.385480485577356,0.0285411418841929
35,"siteStone_pile:monitoring_int",0.135758377991037,0.119311628575081,0.255184377720162
